Demo question 1,Answer 1
Demo question 2,Answer 2
Demo question 3,Answer 3
Demo question 4,Answer 4
Demo question 5,Answer 5
Demo question 6,Answer 6
Demo question 7,Answer 7
Demo question 8,Answer 8
Demo question 9,Answer 9
Demo question 10,Answer 10
Demo question 11,Answer 11
Demo question 12,Answer 12
Demo question 13,Answer 13
Demo question 14,Answer 14
Demo question 15,Answer 15
Demo question 16,Answer 16
Demo question 17,Answer 17
Demo question 18,Answer 18
Demo question 19,Answer 19
Demo question 20,Answer 20
Demo question 21,Answer 21